filename,width,height,class,xmin,ymin,xmax,ymax
1230_1_01.jpg,171,171,tip,133,141,150,156
1230_1_01.jpg,171,171,tip,50,47,63,60
1230_1_01.jpg,171,171,tip,27,20,38,31
1230_1_02.jpg,117,73,tip,32,18,44,32
1230_1_02.jpg,117,73,tip,71,17,84,32
1230_1_02.jpg,117,73,tip,10,11,21,21
1230_1_03.jpg,83,80,tip,18,27,30,38
1230_1_03.jpg,83,80,tip,41,50,53,63
1230_1_04.jpg,98,129,tip,59,53,70,65
1230_1_04.jpg,98,129,tip,40,32,52,44
1230_1_04.jpg,98,129,tip,51,96,63,112
1230_1_05.jpg,156,71,tip,34,44,49,57
1230_1_05.jpg,156,71,tip,79,29,93,40
1230_1_05.jpg,156,71,tip,131,21,143,30
1230_1_06.jpg,223,89,tip,72,23,86,35
1230_1_06.jpg,223,89,tip,191,36,204,47
1230_1_06.jpg,223,89,tip,59,64,70,74
1230_1_07.jpg,175,67,tip,44,25,58,37
1230_1_07.jpg,175,67,tip,64,20,77,31
1230_1_07.jpg,175,67,tip,16,4,27,15
1230_1_07.jpg,175,67,tip,104,23,118,36
1230_1_07.jpg,175,67,tip,153,52,167,62
1230_1_08.jpg,98,98,tip,54,16,64,26
1230_1_08.jpg,98,98,tip,20,43,28,52
1230_1_08.jpg,98,98,tip,48,76,61,87
GBAus27b_PDA_56060_1_008_01.jpg,166,155,tip,25,110,52,133
GBAus27b_PDA_56060_1_008_01.jpg,166,155,tip,111,102,141,128
GBAus27b_PDA_56060_1_008_01.jpg,166,155,tip,88,70,111,91
GBAus27b_PDA_56060_1_008_01.jpg,166,155,tip,42,30,65,50
GBAus27b_PDA_56060_1_008_02.jpg,210,159,tip,42,100,65,121
GBAus27b_PDA_56060_1_008_02.jpg,210,159,tip,20,122,48,145
GBAus27b_PDA_56060_1_008_02.jpg,210,159,tip,161,54,187,77
GBAus27b_PDA_56060_1_008_02.jpg,210,159,tip,174,34,195,51
GBAus27b_PDA_56060_1_008_02.jpg,210,159,tip,95,142,115,158
GBAus27b_PDA_56060_1_008_03.jpg,158,68,tip,13,34,28,51
GBAus27b_PDA_56060_1_008_03.jpg,158,68,tip,107,21,129,40
GBAus27b_PDA_56060_1_008_04.jpg,143,100,tip,78,24,98,40
GBAus27b_PDA_56060_1_008_04.jpg,143,100,tip,88,10,109,26
GBAus27b_PDA_56060_1_008_04.jpg,143,100,tip,22,68,45,87
GBAus27b_PDA_56060_1_008_05.jpg,167,154,tip,26,47,45,66
GBAus27b_PDA_56060_1_008_05.jpg,167,154,tip,109,126,130,144
GBAus27b_PDA_56060_1_008_05.jpg,167,154,tip,116,101,132,117
GBAus27b_PDA_56060_1_008_05.jpg,167,154,tip,128,1,149,20
GBAus27b_PDA_56060_1_021_01.jpg,122,100,tip,82,9,106,29
GBAus27b_PDA_56060_1_021_01.jpg,122,100,tip,12,55,29,72
GBAus27b_PDA_56060_1_021_02.jpg,138,131,tip,101,95,120,116
GBAus27b_PDA_56060_1_021_02.jpg,138,131,tip,55,12,74,30
GBAus27b_PDA_56060_1_021_03.jpg,156,61,tip,7,16,23,34
GBAus27b_PDA_56060_1_021_03.jpg,156,61,tip,65,32,83,48
GBAus27b_PDA_56060_1_021_03.jpg,156,61,tip,122,20,139,40
GBAus27b_PDA_56060_1_021_04.jpg,88,118,tip,63,13,80,31
GBAus27b_PDA_56060_1_021_04.jpg,88,118,tip,9,64,23,80
GBAus27b_PDA_56060_1_021_04.jpg,88,118,tip,33,90,50,105
GBAus27b_PDA_56060_1_021_05.jpg,79,97,tip,19,74,33,88
GBAus27b_PDA_56060_1_021_05.jpg,79,97,tip,26,54,42,68
GBAus27b_PDA_56060_1_021_05.jpg,79,97,tip,51,15,68,33
GBAus27b_PDA_56060_1_021_06.jpg,163,65,tip,10,20,25,38
GBAus27b_PDA_56060_1_021_06.jpg,163,65,tip,69,36,86,52
GBAus27b_PDA_56060_1_021_06.jpg,163,65,tip,126,27,140,43
GBAus27b_PDA_56060_1_021_07.jpg,169,134,tip,127,100,144,120
GBAus27b_PDA_56060_1_021_07.jpg,169,134,tip,78,12,92,28
GBAus27b_PDA_56060_1_021_07.jpg,169,134,tip,5,39,19,55
GBAus27b_PDA_56060_1_021_08.jpg,111,147,tip,29,67,46,82
GBAus27b_PDA_56060_1_021_08.jpg,111,147,tip,50,19,72,43
GBAus27b_PDA_56060_1_021_08.jpg,111,147,tip,73,111,97,132
GBAus27b_PDA_56060_1_021_09.jpg,150,93,tip,122,65,135,77
GBAus27b_PDA_56060_1_021_09.jpg,150,93,tip,101,35,115,47
GBAus27b_PDA_56060_1_021_09.jpg,150,93,tip,17,7,31,21
GBAus27b_PDA_56060_1_041_01.jpg,169,166,tip,128,70,146,87
GBAus27b_PDA_56060_1_041_01.jpg,169,166,tip,82,21,99,39
GBAus27b_PDA_56060_1_041_01.jpg,169,166,tip,45,139,59,154
GBAus27b_PDA_56060_1_041_01.jpg,169,166,tip,24,148,42,165
GBAus27b_PDA_56060_1_041_02.jpg,170,92,tip,140,27,160,45
GBAus27b_PDA_56060_1_041_02.jpg,170,92,tip,18,20,35,37
GBAus27b_PDA_56060_1_041_02.jpg,170,92,tip,47,44,69,61
GBAus27b_PDA_56060_1_041_03.jpg,113,68,tip,51,41,67,54
GBAus27b_PDA_56060_1_041_03.jpg,113,68,tip,10,15,27,29
GBAus27b_PDA_56060_1_041_03.jpg,113,68,tip,60,30,75,43
GBAus27b_PDA_56060_1_041_04.jpg,238,75,tip,187,33,214,58
GBAus27b_PDA_56060_1_041_04.jpg,238,75,tip,90,27,111,47
GBAus27b_PDA_56060_1_041_04.jpg,238,75,tip,34,20,56,39
GBAus27b_PDA_56060_1_041_04.jpg,238,75,tip,36,50,55,68
GBAus27b_PDA_56060_1_041_05.jpg,92,109,tip,15,32,33,51
GBAus27b_PDA_56060_1_041_05.jpg,92,109,tip,41,72,63,91
GBAus27b_PDA_56060_1_041_05.jpg,92,109,tip,36,22,51,38
GBAus27b_PDA_56060_1_041_05.jpg,92,109,tip,74,16,90,32
GBAus27b_PDA_56060_1_041_07.jpg,125,119,tip,32,30,47,46
GBAus27b_PDA_56060_1_041_07.jpg,125,119,tip,77,80,96,98
GBAus27b_PDA_56060_1_041_07.jpg,125,119,tip,19,101,30,112
GBAus27b_PDA_56060_1_041_07.jpg,125,119,tip,99,13,116,31
GBAus27b_PDA_56060_1_041_07.jpg,125,119,tip,12,65,26,78
GBAus27b_PDA_56060_1_041_08.jpg,219,92,tip,170,32,196,56
GBAus27b_PDA_56060_1_041_08.jpg,219,92,tip,15,57,36,78
GBAus27b_PDA_56060_1_047_01.jpg,170,115,tip,54,58,76,78
GBAus27b_PDA_56060_1_047_01.jpg,170,115,tip,13,24,28,40
GBAus27b_PDA_56060_1_047_01.jpg,170,115,tip,142,83,162,101
GBAus27b_PDA_56060_1_047_02.jpg,157,94,tip,131,63,149,77
GBAus27b_PDA_56060_1_047_02.jpg,157,94,tip,23,37,39,53
GBAus27b_PDA_56060_1_047_02.jpg,157,94,tip,21,13,38,30
GBAus27b_PDA_56060_1_047_03.jpg,225,115,tip,108,63,129,83
GBAus27b_PDA_56060_1_047_03.jpg,225,115,tip,193,38,214,58
GBAus27b_PDA_56060_1_047_03.jpg,225,115,tip,18,89,39,111
GBAus27b_PDA_56060_1_047_04.jpg,94,110,tip,49,89,63,101
GBAus27b_PDA_56060_1_047_04.jpg,94,110,tip,27,75,39,85
GBAus27b_PDA_56060_1_047_04.jpg,94,110,tip,29,65,43,76
GBAus27b_PDA_56060_1_047_04.jpg,94,110,tip,44,33,58,46
GBAus27b_PDA_56060_1_047_05.jpg,199,188,tip,161,63,186,85
GBAus27b_PDA_56060_1_047_05.jpg,199,188,tip,52,59,75,80
GBAus27b_PDA_56060_1_047_05.jpg,199,188,tip,5,93,26,117
GBAus27b_PDA_56060_1_047_05.jpg,199,188,tip,147,140,170,159
GBAus27b_PDA_56060_1_047_06.jpg,99,100,tip,72,65,85,78
GBAus27b_PDA_56060_1_047_06.jpg,99,100,tip,57,26,70,37
GBAus27b_PDA_56060_1_047_06.jpg,99,100,tip,40,11,50,24
GBAus27b_PDA_56060_1_047_06.jpg,99,100,tip,5,24,16,36
GBAus27b_PDA_56060_1_047_06.jpg,99,100,tip,13,12,25,22
GBAus27b_PDA_56060_1_047_06.jpg,99,100,tip,9,76,23,87
GBAus27b_PDA_56060_1_047_07.jpg,69,68,tip,25,7,38,21
GBAus27b_PDA_56060_1_047_07.jpg,69,68,tip,11,44,21,59
GBAus27b_PDA_56060_1_047_07.jpg,69,68,tip,53,22,64,34
GBAus27b_PDA_56060_2_001_01.jpg,134,171,tip,82,132,100,152
GBAus27b_PDA_56060_2_001_01.jpg,134,171,tip,44,25,70,56
GBAus27b_PDA_56060_2_001_02.jpg,210,95,tip,153,70,171,86
GBAus27b_PDA_56060_2_001_02.jpg,210,95,tip,143,34,159,50
GBAus27b_PDA_56060_2_001_02.jpg,210,95,tip,5,46,19,61
GBAus27b_PDA_56060_2_001_03.jpg,151,99,tip,66,72,82,88
GBAus27b_PDA_56060_2_001_03.jpg,151,99,tip,121,61,134,75
GBAus27b_PDA_56060_2_001_03.jpg,151,99,tip,51,22,69,40
GBAus27b_PDA_56060_2_001_03.jpg,151,99,tip,21,15,35,29
GBAus27b_PDA_56060_2_001_06.jpg,115,183,tip,56,69,70,80
GBAus27b_PDA_56060_2_001_06.jpg,115,183,tip,33,63,45,73
GBAus27b_PDA_56060_2_001_06.jpg,115,183,tip,42,38,52,49
GBAus27b_PDA_56060_2_001_06.jpg,115,183,tip,56,10,70,21
GBAus27b_PDA_56060_2_001_06.jpg,115,183,tip,58,131,70,148
GBAus27b_PDA_56060_2_011_01.jpg,147,183,tip,73,121,90,137
GBAus27b_PDA_56060_2_011_01.jpg,147,183,tip,56,71,73,88
GBAus27b_PDA_56060_2_011_01.jpg,147,183,tip,18,28,34,44
GBAus27b_PDA_56060_2_011_01.jpg,147,183,tip,90,30,109,52
GBAus27b_PDA_56060_2_011_01.jpg,147,183,tip,57,149,72,163
GBAus27b_PDA_56060_2_011_02.jpg,189,199,tip,37,136,61,159
GBAus27b_PDA_56060_2_011_02.jpg,189,199,tip,39,5,55,23
GBAus27b_PDA_56060_2_011_02.jpg,189,199,tip,148,93,168,109
GBAus27b_PDA_56060_2_011_02.jpg,189,199,tip,144,148,163,164
GBAus27b_PDA_56060_2_011_02.jpg,189,199,tip,133,162,148,182
GBAus27b_PDA_56060_2_011_03.jpg,225,240,tip,128,189,147,211
GBAus27b_PDA_56060_2_011_03.jpg,225,240,tip,100,39,117,61
GBAus27b_PDA_56060_2_011_03.jpg,225,240,tip,34,117,55,136
GBAus27b_PDA_56060_2_011_05.jpg,146,73,tip,53,37,68,51
GBAus27b_PDA_56060_2_011_05.jpg,146,73,tip,70,50,82,65
GBAus27b_PDA_56060_2_011_05.jpg,146,73,tip,18,45,33,58
GBAus27b_PDA_56060_2_011_05.jpg,146,73,tip,12,4,33,25
GBAus27b_PDA_56060_2_011_05.jpg,146,73,tip,118,32,131,45
GBAus27b_PDA_56060_2_011_06.jpg,137,171,tip,60,76,80,95
GBAus27b_PDA_56060_2_011_06.jpg,137,171,tip,54,38,73,57
GBAus27b_PDA_56060_2_011_06.jpg,137,171,tip,30,15,44,27
GBAus27b_PDA_56060_2_011_06.jpg,137,171,tip,79,137,95,153
GBAus27b_PDA_56060_2_021_01.jpg,248,123,tip,173,83,187,96
GBAus27b_PDA_56060_2_021_01.jpg,248,123,tip,138,40,152,57
GBAus27b_PDA_56060_2_021_01.jpg,248,123,tip,81,16,95,30
GBAus27b_PDA_56060_2_021_01.jpg,248,123,tip,10,55,25,73
GBAus27b_PDA_56060_2_021_01.jpg,248,123,tip,102,86,115,100
GBAus27b_PDA_56060_2_021_01.jpg,248,123,tip,91,67,105,80
GBAus27b_PDA_56060_2_021_01.jpg,248,123,tip,219,68,235,83
GBAus27b_PDA_56060_2_021_02.jpg,154,58,tip,21,36,36,50
GBAus27b_PDA_56060_2_021_02.jpg,154,58,tip,79,12,92,23
GBAus27b_PDA_56060_2_021_02.jpg,154,58,tip,111,5,125,20
GBAus27b_PDA_56060_2_021_03.jpg,183,108,tip,134,69,153,87
GBAus27b_PDA_56060_2_021_03.jpg,183,108,tip,24,15,43,33
GBAus27b_PDA_56060_2_021_04.jpg,177,140,tip,117,76,133,91
GBAus27b_PDA_56060_2_021_04.jpg,177,140,tip,39,117,54,133
GBAus27b_PDA_56060_2_021_04.jpg,177,140,tip,67,22,83,37
GBAus27b_PDA_56060_2_021_04.jpg,177,140,tip,136,19,155,37
GBAus27b_PDA_56060_2_021_05.jpg,269,261,tip,116,125,137,143
GBAus27b_PDA_56060_2_021_05.jpg,269,261,tip,215,180,238,201
GBAus27b_PDA_56060_2_021_05.jpg,269,261,tip,162,178,179,196
GBAus27b_PDA_56060_2_021_05.jpg,269,261,tip,56,223,79,249
GBAus27b_PDA_56060_2_021_05.jpg,269,261,tip,37,89,57,108
GBAus27b_PDA_56060_2_021_05.jpg,269,261,tip,28,28,52,48
GBAus27b_PDA_56060_2_021_06.jpg,125,186,tip,20,134,35,153
GBAus27b_PDA_56060_2_021_06.jpg,125,186,tip,21,10,34,28
GBAus27b_PDA_56060_2_021_06.jpg,125,186,tip,80,156,94,170
GBAus27b_PDA_56060_2_021_07.jpg,90,135,tip,55,15,70,29
GBAus27b_PDA_56060_2_021_07.jpg,90,135,tip,24,97,37,113
GBAus27b_PDA_56060_2_021_07.jpg,90,135,tip,9,68,23,84
GBAus27b_PDA_56060_2_021_08.jpg,212,150,tip,151,53,171,72
GBAus27b_PDA_56060_2_021_08.jpg,212,150,tip,121,20,137,37
GBAus27b_PDA_56060_2_021_08.jpg,212,150,tip,52,99,69,116
GBAus27b_PDA_56060_2_021_09.jpg,188,146,tip,124,110,147,129
GBAus27b_PDA_56060_2_021_09.jpg,188,146,tip,51,89,67,103
GBAus27b_PDA_56060_2_021_09.jpg,188,146,tip,60,21,74,34
GBAus27b_PDA_56060_2_034_01.jpg,189,123,tip,16,84,35,100
GBAus27b_PDA_56060_2_034_01.jpg,189,123,tip,129,51,149,71
GBAus27b_PDA_56060_2_034_01.jpg,189,123,tip,84,18,103,36
GBAus27b_PDA_56060_2_034_01.jpg,189,123,tip,145,1,166,21
GBAus27b_PDA_56060_2_034_02.jpg,162,161,tip,120,124,136,142
GBAus27b_PDA_56060_2_034_02.jpg,162,161,tip,59,126,76,141
GBAus27b_PDA_56060_2_034_02.jpg,162,161,tip,38,113,58,137
GBAus27b_PDA_56060_2_034_02.jpg,162,161,tip,75,56,93,73
GBAus27b_PDA_56060_2_034_02.jpg,162,161,tip,93,20,113,38
GBAus27b_PDA_56060_2_034_03.jpg,361,239,tip,74,56,98,81
GBAus27b_PDA_56060_2_034_03.jpg,361,239,tip,34,35,64,63
GBAus27b_PDA_56060_2_034_03.jpg,361,239,tip,115,190,139,215
GBAus27b_PDA_56060_2_034_03.jpg,361,239,tip,309,154,346,189
GBAus27b_PDA_56060_2_034_04.jpg,230,115,tip,198,77,216,96
GBAus27b_PDA_56060_2_034_04.jpg,230,115,tip,121,69,136,84
GBAus27b_PDA_56060_2_034_04.jpg,230,115,tip,18,20,38,39
GBAus27b_PDA_56060_2_047_01.jpg,117,118,tip,44,77,58,90
GBAus27b_PDA_56060_2_047_01.jpg,117,118,tip,80,75,100,90
GBAus27b_PDA_56060_2_047_01.jpg,117,118,tip,6,24,17,36
GBAus27b_PDA_56060_2_047_01.jpg,117,118,tip,49,17,60,29
GBAus27b_PDA_56060_2_047_02.jpg,236,270,tip,78,93,97,113
GBAus27b_PDA_56060_2_047_02.jpg,236,270,tip,102,31,124,56
GBAus27b_PDA_56060_2_047_02.jpg,236,270,tip,48,6,70,27
GBAus27b_PDA_56060_2_047_02.jpg,236,270,tip,70,130,90,154
GBAus27b_PDA_56060_2_047_02.jpg,236,270,tip,167,109,187,132
GBAus27b_PDA_56060_2_047_02.jpg,236,270,tip,187,217,209,240
GBAus27b_PDA_56060_2_047_02.jpg,236,270,tip,1,169,16,185
GBAus27b_PDA_56060_2_047_02.jpg,236,270,tip,15,165,31,185
GBAus27b_PDA_56060_2_047_03.jpg,120,198,tip,33,24,56,49
GBAus27b_PDA_56060_2_047_03.jpg,120,198,tip,79,25,99,47
GBAus27b_PDA_56060_2_047_03.jpg,120,198,tip,55,144,77,166
GBAus27b_PDA_56060_2_047_04.jpg,157,124,tip,37,83,56,101
GBAus27b_PDA_56060_2_047_04.jpg,157,124,tip,45,28,60,44
GBAus27b_PDA_56060_2_047_04.jpg,157,124,tip,76,98,96,118
GBAus27b_PDA_56060_2_047_04.jpg,157,124,tip,117,48,135,68
GBAus27b_PDA_56060_2_047_04.jpg,157,124,tip,11,81,26,98
JL033_015_01.jpg,178,185,tip,100,129,120,153
JL033_015_01.jpg,178,185,tip,106,55,122,73
JL033_015_01.jpg,178,185,tip,39,47,54,63
JL033_015_01.jpg,178,185,tip,50,133,62,144
JL033_015_02.jpg,217,231,tip,42,124,60,143
JL033_015_02.jpg,217,231,tip,153,186,172,203
JL033_015_02.jpg,217,231,tip,155,9,173,30
JL033_015_03.jpg,156,137,tip,44,60,57,77
JL033_015_03.jpg,156,137,tip,89,114,105,129
JL033_015_03.jpg,156,137,tip,110,83,131,97
JL033_015_03.jpg,156,137,tip,112,15,124,28
JL033_015_04.jpg,164,121,tip,60,82,74,94
JL033_015_04.jpg,164,121,tip,67,71,82,82
JL033_015_04.jpg,164,121,tip,55,28,68,39
JL033_015_04.jpg,164,121,tip,108,53,122,68
JL033_015_04.jpg,164,121,tip,98,29,111,38
JL033_015_04.jpg,164,121,tip,140,24,152,35
JL033_015_05.jpg,151,157,tip,48,135,59,146
JL033_015_05.jpg,151,157,tip,58,19,70,30
JL033_015_05.jpg,151,157,tip,103,53,117,66
JL033_015_05.jpg,151,157,tip,83,90,95,102
JL033_015_05.jpg,151,157,tip,34,14,47,25
JL033_015_06.jpg,172,139,tip,59,40,71,52
JL033_015_06.jpg,172,139,tip,19,55,28,66
JL033_015_06.jpg,172,139,tip,114,64,123,74
JL033_015_06.jpg,172,139,tip,135,102,148,113
JL033_015_06.jpg,172,139,tip,147,26,156,35
JL033_015_06.jpg,172,139,tip,16,115,28,125
JL035_010_02.jpg,178,200,tip,108,92,125,109
JL035_010_02.jpg,178,200,tip,58,17,76,35
JL035_010_02.jpg,178,200,tip,37,152,50,165
JL035_010_03.jpg,154,93,tip,65,49,78,59
JL035_010_03.jpg,154,93,tip,43,4,54,13
JL035_010_03.jpg,154,93,tip,124,47,136,60
JL035_010_03.jpg,154,93,tip,25,28,35,38
JL035_010_03.jpg,154,93,tip,26,39,38,49
JL038_012_01.jpg,226,156,tip,38,86,54,105
JL038_012_01.jpg,226,156,tip,115,81,131,97
JL038_012_01.jpg,226,156,tip,156,34,170,48
JL038_012_02.jpg,306,242,tip,99,130,117,149
JL038_012_02.jpg,306,242,tip,20,102,40,124
JL038_012_02.jpg,306,242,tip,57,42,76,60
JL038_012_02.jpg,306,242,tip,36,174,55,193
JL038_012_02.jpg,306,242,tip,38,206,61,222
JL038_012_02.jpg,306,242,tip,200,174,220,190
JL038_012_02.jpg,306,242,tip,257,135,271,148
JL038_012_02.jpg,306,242,tip,253,118,273,134
JL038_012_02.jpg,306,242,tip,245,62,263,80
JL038_012_02.jpg,306,242,tip,190,83,209,96
JL038_012_03.jpg,231,120,tip,170,78,187,91
JL038_012_03.jpg,231,120,tip,125,56,139,69
JL038_012_03.jpg,231,120,tip,28,14,44,27
JL038_012_03.jpg,231,120,tip,51,11,65,25
JL038_012_03.jpg,231,120,tip,8,68,27,82
JL038_012_04.jpg,151,161,tip,55,113,66,123
JL038_012_04.jpg,151,161,tip,51,125,62,138
JL038_012_04.jpg,151,161,tip,104,58,117,71
JL038_012_04.jpg,151,161,tip,41,53,54,67
JL038_012_05.jpg,201,236,tip,36,167,56,185
JL038_012_05.jpg,201,236,tip,140,212,158,225
JL038_012_05.jpg,201,236,tip,105,104,120,121
JL038_012_05.jpg,201,236,tip,50,34,67,49
JL038_012_05.jpg,201,236,tip,164,20,176,37
JL038_012_06.jpg,267,104,tip,34,65,51,79
JL038_012_06.jpg,267,104,tip,178,24,193,43
JL038_012_06.jpg,267,104,tip,204,39,216,54
JL1_001_01.jpg,451,329,tip,196,145,219,163
JL1_001_01.jpg,451,329,tip,148,125,168,142
JL1_001_01.jpg,451,329,tip,162,115,177,129
JL1_001_01.jpg,451,329,tip,92,45,113,60
JL1_001_01.jpg,451,329,tip,168,33,190,50
JL1_001_01.jpg,451,329,tip,7,196,24,212
JL1_001_01.jpg,451,329,tip,79,274,96,288
JL1_001_01.jpg,451,329,tip,280,286,296,297
JL1_001_01.jpg,451,329,tip,292,275,304,290
JL1_001_01.jpg,451,329,tip,207,281,220,294
JL1_001_01.jpg,451,329,tip,206,76,221,88
JL1_001_01.jpg,451,329,tip,273,87,289,98
JL1_001_01.jpg,451,329,tip,171,180,187,195
JL1_001_01.jpg,451,329,tip,421,181,434,199
JL1_001_01.jpg,451,329,tip,317,80,330,94
JL1_001_01.jpg,451,329,tip,384,35,400,49
JL1_001_01.jpg,451,329,tip,119,246,141,272
JL1_001_01.jpg,451,329,tip,341,284,356,306
JL1_001_01.jpg,451,329,tip,434,83,450,98
JL1_001_01.jpg,451,329,tip,318,25,336,45
JL1_001_02.jpg,469,363,tip,139,155,159,183
JL1_001_02.jpg,469,363,tip,133,58,149,81
JL1_001_02.jpg,469,363,tip,125,81,139,93
JL1_001_02.jpg,469,363,tip,289,134,303,152
JL1_001_02.jpg,469,363,tip,280,46,301,69
JL1_001_02.jpg,469,363,tip,152,340,171,359
JL1_001_02.jpg,469,363,tip,77,238,97,262
JL1_001_02.jpg,469,363,tip,198,332,215,353
JL1_001_02.jpg,469,363,tip,296,268,314,281
JL1_001_02.jpg,469,363,tip,349,253,374,270
JL1_001_02.jpg,469,363,tip,337,176,350,194
JL1_001_02.jpg,469,363,tip,350,43,368,65
JL1_001_02.jpg,469,363,tip,335,291,352,312
JL1_001_02.jpg,469,363,tip,358,282,377,296
JL1_001_03.jpg,383,303,tip,71,89,89,109
JL1_001_03.jpg,383,303,tip,77,177,95,192
JL1_001_03.jpg,383,303,tip,123,218,136,234
JL1_001_03.jpg,383,303,tip,262,143,277,160
JL1_001_03.jpg,383,303,tip,62,18,78,36
JL1_001_03.jpg,383,303,tip,136,87,153,103
JL1_001_03.jpg,383,303,tip,274,281,289,298
JL1_016_01.jpg,201,375,tip,139,24,157,47
JL1_016_01.jpg,201,375,tip,27,165,43,184
JL1_016_01.jpg,201,375,tip,4,340,29,358
JL1_016_01.jpg,201,375,tip,173,225,187,246
JL1_016_01.jpg,201,375,tip,49,144,73,169
JL1_016_02.jpg,238,253,tip,45,126,61,140
JL1_016_02.jpg,238,253,tip,45,111,59,123
JL1_016_02.jpg,238,253,tip,110,141,121,152
JL1_016_02.jpg,238,253,tip,135,159,150,170
JL1_016_02.jpg,238,253,tip,137,54,154,74
JL1_016_02.jpg,238,253,tip,179,45,193,63
JL1_016_02.jpg,238,253,tip,151,194,160,208
JL1_016_02.jpg,238,253,tip,188,225,202,239
JL1_016_02.jpg,238,253,tip,177,175,192,188
JL1_016_02.jpg,238,253,tip,169,119,185,135
JL1_016_03.jpg,272,216,tip,16,133,35,149
JL1_016_03.jpg,272,216,tip,43,204,56,216
JL1_016_03.jpg,272,216,tip,189,182,206,199
JL1_016_03.jpg,272,216,tip,124,7,143,21
JL1_016_03.jpg,272,216,tip,230,42,249,60
JL1_028_01.jpg,258,222,tip,100,103,119,121
JL1_028_01.jpg,258,222,tip,31,27,50,49
JL1_028_01.jpg,258,222,tip,164,130,179,149
JL1_028_01.jpg,258,222,tip,182,179,205,199
JL1_028_01.jpg,258,222,tip,168,62,180,78
JL1_028_01.jpg,258,222,tip,203,116,219,128
JL1_028_02.jpg,306,276,tip,51,249,78,272
JL1_028_02.jpg,306,276,tip,210,20,236,42
JL1_028_02.jpg,306,276,tip,233,244,254,265
JL23_009_01.jpg,349,160,tip,177,11,191,29
JL23_009_01.jpg,349,160,tip,157,13,171,27
JL23_009_01.jpg,349,160,tip,33,49,50,65
JL23_009_01.jpg,349,160,tip,293,47,310,63
JL23_009_01.jpg,349,160,tip,274,14,286,27
JL23_009_02.jpg,193,170,tip,98,126,115,141
JL23_009_02.jpg,193,170,tip,150,42,163,58
JL23_009_02.jpg,193,170,tip,128,46,142,60
JL23_009_02.jpg,193,170,tip,66,29,82,43
JL23_009_02.jpg,193,170,tip,16,84,25,94
JL23_009_03.jpg,223,203,tip,95,137,112,153
JL23_009_03.jpg,223,203,tip,185,96,202,116
JL23_009_03.jpg,223,203,tip,130,26,146,42
JL23_009_04.jpg,224,99,tip,27,34,43,49
JL23_009_04.jpg,224,99,tip,68,67,82,78
JL23_009_04.jpg,224,99,tip,110,72,123,85
JL23_009_04.jpg,224,99,tip,188,59,204,73
JL23_009_05.jpg,180,172,tip,86,32,98,46
JL23_009_05.jpg,180,172,tip,45,121,62,137
JL23_009_05.jpg,180,172,tip,147,142,167,158
JL23_009_06.jpg,141,72,tip,17,42,28,53
JL23_009_06.jpg,141,72,tip,120,39,135,55
JL23_009_06.jpg,141,72,tip,73,16,90,31
JL29_PDA_002_01.jpg,193,121,tip,20,8,30,20
JL29_PDA_002_01.jpg,193,121,tip,135,97,148,108
JL29_PDA_002_02.jpg,176,94,tip,79,27,89,42
JL29_PDA_002_02.jpg,176,94,tip,20,60,38,73
JL29_PDA_002_02.jpg,176,94,tip,97,52,107,62
JL29_PDA_002_02.jpg,176,94,tip,127,27,136,38
JL29_PDA_002_02.jpg,176,94,tip,139,20,153,28
JL29_PDA_002_03.jpg,205,170,tip,33,15,47,27
JL29_PDA_002_03.jpg,205,170,tip,60,138,76,149
JL29_PDA_002_03.jpg,205,170,tip,166,9,177,20
JL29_PDA_002_04.jpg,99,92,tip,31,17,43,31
JL29_PDA_002_04.jpg,99,92,tip,56,53,68,65
JL29_PDA_022_02.jpg,252,99,tip,13,63,26,77
JL29_PDA_022_02.jpg,252,99,tip,180,14,195,27
JL29_PDA_022_02.jpg,252,99,tip,223,36,235,47
JL29_PDA_022_03.jpg,192,238,tip,145,131,161,146
JL29_PDA_022_03.jpg,192,238,tip,133,214,148,230
JL29_PDA_022_03.jpg,192,238,tip,74,73,91,89
JL29_PDA_022_03.jpg,192,238,tip,19,17,33,33
JL29_PDA_022_04.jpg,105,175,tip,13,141,28,153
JL29_PDA_022_04.jpg,105,175,tip,49,31,63,48
JL29_PDA_022_05.jpg,102,133,tip,24,99,37,111
JL29_PDA_022_05.jpg,102,133,tip,51,19,63,30
JL29_PDA_022_06.jpg,57,73,tip,23,17,34,29
JL58_MEA_082_01.jpg,228,116,tip,190,80,204,96
JL58_MEA_082_01.jpg,228,116,tip,138,25,155,47
JL58_MEA_082_01.jpg,228,116,tip,61,37,76,54
JL58_MEA_082_01.jpg,228,116,tip,19,28,37,45
JL58_MEA_082_02.jpg,99,129,tip,6,60,18,75
JL58_MEA_082_02.jpg,99,129,tip,46,15,59,28
JL58_MEA_082_02.jpg,99,129,tip,68,56,78,68
JL58_MEA_082_02.jpg,99,129,tip,65,102,78,115
JL58_MEA_082_02.jpg,99,129,tip,34,92,44,100
JL58_MEA_082_03.jpg,177,171,tip,21,115,36,132
JL58_MEA_082_03.jpg,177,171,tip,145,101,157,115
JL58_MEA_082_03.jpg,177,171,tip,143,146,155,162
JL58_MEA_082_03.jpg,177,171,tip,123,5,136,18
JL58_MEA_082_04.jpg,70,121,tip,18,90,34,105
JL58_MEA_082_04.jpg,70,121,tip,21,57,35,73
JL58_MEA_082_04.jpg,70,121,tip,47,6,59,18
JL58_MEA_082_05.jpg,101,79,tip,61,47,70,60
JL58_MEA_082_05.jpg,101,79,tip,62,29,73,41
JL58_MEA_082_05.jpg,101,79,tip,25,32,35,44
JL58_MEA_082_05.jpg,101,79,tip,16,52,27,66
JL58_MEA_093_02.jpg,152,172,tip,90,149,101,161
JL58_MEA_093_02.jpg,152,172,tip,81,103,93,117
JL58_MEA_093_02.jpg,152,172,tip,51,96,62,109
JL58_MEA_093_02.jpg,152,172,tip,33,41,44,51
JL58_MEA_093_02.jpg,152,172,tip,110,47,121,59
JL58_MEA_093_02.jpg,152,172,tip,117,23,127,35
JL58_MEA_093_03.jpg,165,94,tip,123,26,133,36
JL58_MEA_093_03.jpg,165,94,tip,55,18,67,29
JL58_MEA_093_03.jpg,165,94,tip,21,68,33,84
JL58_MEA_093_04.jpg,129,228,tip,59,170,71,188
JL58_MEA_093_04.jpg,129,228,tip,22,113,34,129
JL58_MEA_093_04.jpg,129,228,tip,72,110,86,124
JL58_MEA_093_04.jpg,129,228,tip,64,49,77,62
JL58_MEA_093_05.jpg,160,128,tip,11,11,24,27
JL58_MEA_093_05.jpg,160,128,tip,122,98,136,113
JL58_MEA_093_06.jpg,164,122,tip,115,100,130,114
JL58_MEA_093_06.jpg,164,122,tip,117,65,131,81
JL58_MEA_093_06.jpg,164,122,tip,30,25,44,39
JL58_MEA_093_06.jpg,164,122,tip,6,31,19,43
JL58_MEA_093_06.jpg,164,122,tip,144,14,156,27
JL58_MEA_093_07.jpg,142,63,tip,102,10,113,21
JL58_MEA_093_07.jpg,142,63,tip,90,24,100,38
JL58_MEA_093_07.jpg,142,63,tip,13,29,26,42
JL58_MEA_093_08.jpg,158,175,tip,38,50,49,63
JL58_MEA_093_08.jpg,158,175,tip,19,18,31,31
JL58_MEA_093_08.jpg,158,175,tip,104,140,116,152
JL58_MEA_093_08.jpg,158,175,tip,127,151,139,164
JL58_MEA_093_08.jpg,158,175,tip,11,163,25,175
JL58_MEA_093_08.jpg,158,175,tip,82,3,96,16
JL58_MEA_093_09.jpg,91,95,tip,5,54,16,66
JL58_MEA_093_09.jpg,91,95,tip,47,9,58,22
JL58_MEA_093_09.jpg,91,95,tip,67,46,79,59
JL58_MEA_093_09.jpg,91,95,tip,31,84,43,93
JL58_MEA_093_10.jpg,138,86,tip,102,43,114,55
JL58_MEA_093_10.jpg,138,86,tip,81,12,94,23
JL58_MEA_093_10.jpg,138,86,tip,9,13,22,25
JL58_MEA_093_10.jpg,138,86,tip,37,22,47,33
JL58_MEA_093_10.jpg,138,86,tip,79,48,90,58
JL62_PDA_56060_1_002_01.jpg,92,200,tip,54,99,69,114
JL62_PDA_56060_1_002_01.jpg,92,200,tip,66,125,77,139
JL62_PDA_56060_1_002_01.jpg,92,200,tip,29,158,42,171
JL62_PDA_56060_1_002_01.jpg,92,200,tip,35,11,57,33
JL62_PDA_56060_1_002_02.jpg,186,178,tip,92,69,108,86
JL62_PDA_56060_1_002_02.jpg,186,178,tip,106,45,120,58
JL62_PDA_56060_1_002_02.jpg,186,178,tip,68,106,106,145
JL62_PDA_56060_1_002_02.jpg,186,178,tip,109,66,130,88
JL62_PDA_56060_1_002_03.jpg,277,165,tip,196,127,215,147
JL62_PDA_56060_1_002_03.jpg,277,165,tip,219,98,235,116
JL62_PDA_56060_1_002_03.jpg,277,165,tip,6,39,25,59
JL62_PDA_56060_1_002_03.jpg,277,165,tip,13,114,31,131
JL62_PDA_56060_1_002_04.jpg,296,352,tip,211,181,233,202
JL62_PDA_56060_1_002_04.jpg,296,352,tip,219,108,238,129
JL62_PDA_56060_1_002_04.jpg,296,352,tip,152,35,168,53
JL62_PDA_56060_1_002_04.jpg,296,352,tip,148,16,162,32
JL62_PDA_56060_1_002_04.jpg,296,352,tip,226,288,244,307
JL62_PDA_56060_1_002_04.jpg,296,352,tip,70,291,98,316
JL62_PDA_56060_1_002_05.jpg,155,170,tip,59,117,76,132
JL62_PDA_56060_1_002_05.jpg,155,170,tip,15,50,29,67
JL62_PDA_56060_1_002_05.jpg,155,170,tip,90,24,104,37
JL62_PDA_56060_1_002_06.jpg,316,134,tip,57,70,81,93
JL62_PDA_56060_1_002_06.jpg,316,134,tip,30,97,48,112
JL62_PDA_56060_1_002_06.jpg,316,134,tip,183,31,200,47
JL62_PDA_56060_1_002_06.jpg,316,134,tip,207,23,232,46
JL62_PDA_56060_1_002_07.jpg,150,156,tip,48,19,66,33
JL62_PDA_56060_1_002_07.jpg,150,156,tip,21,50,31,62
JL62_PDA_56060_1_002_07.jpg,150,156,tip,47,71,60,85
JL62_PDA_56060_1_002_07.jpg,150,156,tip,79,76,102,102
JL62_PDA_56060_1_002_07.jpg,150,156,tip,60,100,75,113
JL62_PDA_56060_1_020_02.jpg,198,119,tip,151,25,167,39
JL62_PDA_56060_1_020_02.jpg,198,119,tip,45,83,59,96
JL62_PDA_56060_1_020_02.jpg,198,119,tip,39,42,54,55
JL62_PDA_56060_1_020_03.jpg,169,210,tip,63,105,78,121
JL62_PDA_56060_1_020_03.jpg,169,210,tip,77,55,94,67
JL62_PDA_56060_1_020_03.jpg,169,210,tip,50,38,63,52
JL62_PDA_56060_1_020_03.jpg,169,210,tip,23,27,42,46
JL62_PDA_56060_1_020_03.jpg,169,210,tip,135,74,149,87
JL62_PDA_56060_1_020_03.jpg,169,210,tip,119,152,134,167
JL62_PDA_56060_1_020_03.jpg,169,210,tip,122,175,138,194
JL62_PDA_56060_1_020_05.jpg,143,149,tip,85,104,107,124
JL62_PDA_56060_1_020_06.jpg,434,264,tip,181,49,207,72
JL62_PDA_56060_1_020_06.jpg,434,264,tip,43,161,61,179
JL62_PDA_56060_1_020_06.jpg,434,264,tip,9,121,27,138
JL62_PDA_56060_1_020_06.jpg,434,264,tip,238,196,261,216
JL62_PDA_56060_1_020_06.jpg,434,264,tip,364,161,381,178
JL62_PDA_56060_1_020_06.jpg,434,264,tip,396,232,414,250
JL62_PDA_56060_1_020_07.jpg,154,215,tip,98,120,111,132
JL62_PDA_56060_1_020_07.jpg,154,215,tip,115,170,129,184
JL62_PDA_56060_1_020_07.jpg,154,215,tip,52,71,62,82
JL62_PDA_56060_1_020_07.jpg,154,215,tip,57,120,75,141
JL62_PDA_56060_1_020_07.jpg,154,215,tip,54,15,66,26
JL62_PDA_56060_1_020_08.jpg,159,104,tip,117,56,128,68
JL62_PDA_56060_1_020_08.jpg,159,104,tip,66,83,76,92
JL62_PDA_56060_1_020_08.jpg,159,104,tip,22,9,42,28
JL62_PDA_56060_1_020_08.jpg,159,104,tip,83,68,99,89
JL62_PDA_56060_1_020_08.jpg,159,104,tip,23,46,52,75
JL62_PDA_56060_1_020_09.jpg,92,226,tip,65,132,81,145
JL62_PDA_56060_1_020_09.jpg,92,226,tip,55,99,70,116
JL62_PDA_56060_1_020_09.jpg,92,226,tip,19,89,29,101
JL62_PDA_56060_1_020_09.jpg,92,226,tip,14,70,26,82
JL62_PDA_56060_1_020_09.jpg,92,226,tip,54,38,67,52
JL62_PDA_56060_1_020_09.jpg,92,226,tip,20,159,33,175
JL62_PDA_56060_1_020_09.jpg,92,226,tip,13,117,25,132
JL62_PDA_56060_1_020_09.jpg,92,226,tip,48,174,70,193
JL62_PDA_56060_1_034_01.jpg,353,231,tip,221,180,235,195
JL62_PDA_56060_1_034_01.jpg,353,231,tip,178,193,198,212
JL62_PDA_56060_1_034_01.jpg,353,231,tip,102,185,119,202
JL62_PDA_56060_1_034_01.jpg,353,231,tip,30,182,45,197
JL62_PDA_56060_1_034_01.jpg,353,231,tip,219,152,248,175
JL62_PDA_56060_1_034_01.jpg,353,231,tip,245,124,266,142
JL62_PDA_56060_1_034_01.jpg,353,231,tip,301,91,318,108
JL62_PDA_56060_1_034_01.jpg,353,231,tip,194,40,209,56
JL62_PDA_56060_1_034_01.jpg,353,231,tip,126,31,140,45
JL62_PDA_56060_1_034_01.jpg,353,231,tip,154,8,169,26
JL62_PDA_56060_1_034_01.jpg,353,231,tip,88,27,101,43
JL62_PDA_56060_1_034_01.jpg,353,231,tip,1,24,18,41
JL62_PDA_56060_1_034_01.jpg,353,231,tip,19,83,34,95
JL62_PDA_56060_1_034_01.jpg,353,231,tip,159,96,170,109
JL62_PDA_56060_1_034_01.jpg,353,231,tip,165,104,182,119
JL62_PDA_56060_1_034_01.jpg,353,231,tip,152,81,162,94
JL62_PDA_56060_1_034_02.jpg,183,212,tip,140,81,153,98
JL62_PDA_56060_1_034_02.jpg,183,212,tip,140,147,155,165
JL62_PDA_56060_1_034_02.jpg,183,212,tip,72,167,89,185
JL62_PDA_56060_1_034_02.jpg,183,212,tip,17,199,27,210
JL62_PDA_56060_1_034_02.jpg,183,212,tip,50,96,61,109
JL62_PDA_56060_1_034_02.jpg,183,212,tip,92,41,108,54
JL62_PDA_56060_1_034_02.jpg,183,212,tip,21,33,42,55
JL62_PDA_56060_1_034_03.jpg,148,244,tip,67,32,80,44
JL62_PDA_56060_1_034_03.jpg,148,244,tip,64,7,77,21
JL62_PDA_56060_1_034_03.jpg,148,244,tip,87,146,102,159
JL62_PDA_56060_1_034_03.jpg,148,244,tip,89,194,105,211
JL62_PDA_56060_1_034_04.jpg,153,183,tip,79,158,93,170
JL62_PDA_56060_1_034_04.jpg,153,183,tip,85,140,99,151
JL62_PDA_56060_1_034_04.jpg,153,183,tip,78,104,90,117
JL62_PDA_56060_1_034_04.jpg,153,183,tip,120,91,133,105
JL62_PDA_56060_1_034_04.jpg,153,183,tip,98,38,123,62
JL62_PDA_56060_1_034_04.jpg,153,183,tip,13,96,24,106
JL62_PDA_56060_1_034_04.jpg,153,183,tip,89,88,96,97
JL62_PDA_56060_1_034_05.jpg,139,98,tip,49,41,61,54
JL62_PDA_56060_1_034_05.jpg,139,98,tip,30,6,41,19
JL62_PDA_56060_1_034_05.jpg,139,98,tip,70,67,88,80
JL62_PDA_56060_1_034_05.jpg,139,98,tip,74,61,87,70
JL62_PDA_56060_1_034_05.jpg,139,98,tip,49,1,62,18
JL62_PDA_56060_1_034_06.jpg,182,156,tip,88,70,103,85
JL62_PDA_56060_1_034_06.jpg,182,156,tip,55,60,67,74
JL62_PDA_56060_1_034_06.jpg,182,156,tip,136,47,150,61
JL62_PDA_56060_1_034_06.jpg,182,156,tip,27,131,38,143
JL62_PDA_56060_1_034_06.jpg,182,156,tip,118,108,135,124
JL62_PDA_56060_1_034_06.jpg,182,156,tip,78,109,90,122
JL62_PDA_56060_1_034_07.jpg,135,148,tip,47,112,61,128
JL62_PDA_56060_1_034_07.jpg,135,148,tip,44,71,55,88
JL62_PDA_56060_1_034_07.jpg,135,148,tip,79,25,93,40
JL62_PDA_56060_1_034_08.jpg,146,135,tip,75,86,88,99
JL62_PDA_56060_1_034_08.jpg,146,135,tip,114,68,130,86
JL62_PDA_56060_1_034_08.jpg,146,135,tip,100,109,117,125
JL62_PDA_56060_1_034_08.jpg,146,135,tip,95,19,105,31
JL62_PDA_56060_1_034_09.jpg,163,194,tip,33,143,50,160
JL62_PDA_56060_1_034_09.jpg,163,194,tip,112,150,123,163
JL62_PDA_56060_1_034_09.jpg,163,194,tip,113,119,130,142
JL62_PDA_56060_1_034_09.jpg,163,194,tip,56,14,76,33
NVP85_002_02.jpg,158,117,tip,28,23,49,40
NVP85_002_02.jpg,158,117,tip,133,92,148,107
NVP85_002_03.jpg,224,229,tip,174,186,189,208
NVP85_002_03.jpg,224,229,tip,27,125,38,139
NVP85_002_03.jpg,224,229,tip,16,122,29,138
NVP85_002_03.jpg,224,229,tip,51,21,69,40
NVP85_002_04.jpg,187,153,tip,19,29,38,47
NVP85_002_04.jpg,187,153,tip,113,129,131,148
NVP85_002_04.jpg,187,153,tip,159,22,171,40
NVP85_002_05.jpg,90,121,tip,19,30,30,44
NVP85_002_05.jpg,90,121,tip,38,84,52,101
NVP85_002_06.jpg,121,101,tip,13,67,28,79
NVP85_002_06.jpg,121,101,tip,42,15,53,29
NVP85_002_07.jpg,165,136,tip,49,75,62,91
NVP85_002_07.jpg,165,136,tip,131,32,143,45
NVP85_002_07.jpg,165,136,tip,117,96,129,110
NVP85_002_07.jpg,165,136,tip,141,73,150,91
OH1_014_01.jpg,314,199,tip,125,161,156,180
OH1_014_01.jpg,314,199,tip,175,124,194,146
OH1_014_01.jpg,314,199,tip,149,83,166,103
OH1_014_01.jpg,314,199,tip,77,66,101,87
OH1_014_01.jpg,314,199,tip,63,10,85,38
OH1_014_02.jpg,324,298,tip,224,109,241,128
OH1_014_02.jpg,324,298,tip,100,102,121,121
OH1_014_02.jpg,324,298,tip,146,110,162,126
OH1_014_02.jpg,324,298,tip,78,177,109,202
OH1_014_02.jpg,324,298,tip,130,258,150,279
OH1_014_02.jpg,324,298,tip,63,19,89,40
OH1_014_03.jpg,244,253,tip,55,61,82,89
OH1_014_03.jpg,244,253,tip,111,113,132,133
OH1_014_03.jpg,244,253,tip,186,201,209,225
test001_01.jpg,150,196,tip,52,102,68,115
test001_01.jpg,150,196,tip,45,44,57,59
test001_01.jpg,150,196,tip,70,26,82,38
test001_01.jpg,150,196,tip,135,8,148,18
test001_01.jpg,150,196,tip,97,155,111,168
test001_03.jpg,299,174,tip,153,113,168,127
test001_03.jpg,299,174,tip,21,126,35,141
test001_03.jpg,299,174,tip,253,65,269,80
test002_01.jpg,239,140,tip,184,73,195,86
test002_01.jpg,239,140,tip,36,38,48,55
test002_02.jpg,224,164,tip,19,28,32,43
test002_02.jpg,224,164,tip,170,142,186,154
test002_02.jpg,224,164,tip,137,19,148,31
test002_03.jpg,319,152,tip,28,89,43,104
test002_03.jpg,319,152,tip,258,9,270,25
test002_04.jpg,270,130,tip,203,43,220,56
test002_04.jpg,270,130,tip,20,82,31,96
test002_05.jpg,154,114,tip,18,65,30,78
test002_05.jpg,154,114,tip,70,45,78,56
test002_05.jpg,154,114,tip,110,21,121,31
test002_06.jpg,83,137,tip,45,95,58,111
test002_06.jpg,83,137,tip,71,15,80,27
test002_06.jpg,83,137,tip,13,31,24,40
test018_02.jpg,289,251,tip,123,81,140,94
test018_02.jpg,289,251,tip,264,67,278,85
test018_02.jpg,289,251,tip,101,7,117,25
test018_02.jpg,289,251,tip,64,186,79,202
test018_02.jpg,289,251,tip,139,118,157,134
test018_03.jpg,357,136,tip,31,21,44,36
test018_03.jpg,357,136,tip,119,10,131,25
test018_03.jpg,357,136,tip,215,39,231,53
test018_03.jpg,357,136,tip,258,35,267,46
test018_03.jpg,357,136,tip,248,93,263,105
test018_03.jpg,357,136,tip,158,123,169,135
test018_03.jpg,357,136,tip,65,111,76,121
test018_04.jpg,348,197,tip,220,180,233,195
test018_04.jpg,348,197,tip,199,140,213,152
test018_04.jpg,348,197,tip,128,153,142,164
test018_04.jpg,348,197,tip,135,107,146,123
test018_04.jpg,348,197,tip,112,53,127,68
test018_04.jpg,348,197,tip,81,42,97,58
test018_04.jpg,348,197,tip,110,18,121,33
test018_04.jpg,348,197,tip,14,4,27,21
test018_04.jpg,348,197,tip,303,48,315,58
test018_04.jpg,348,197,tip,275,117,286,126
test018_04.jpg,348,197,tip,249,136,259,146
test026_01.jpg,440,163,tip,211,107,226,124
test026_01.jpg,440,163,tip,237,126,252,143
test026_01.jpg,440,163,tip,316,28,329,43
test026_01.jpg,440,163,tip,11,41,29,59
test026_01.jpg,440,163,tip,396,42,411,56
test026_01.jpg,440,163,tip,354,77,370,87
test026_02.jpg,332,182,tip,32,137,43,149
test026_02.jpg,332,182,tip,86,81,99,94
test026_02.jpg,332,182,tip,124,122,135,131
test026_02.jpg,332,182,tip,128,130,137,142
test026_02.jpg,332,182,tip,169,164,179,174
test026_02.jpg,332,182,tip,275,85,286,96
test026_02.jpg,332,182,tip,257,45,267,59
test026_02.jpg,332,182,tip,117,10,127,20
test026_03.jpg,400,232,tip,22,33,33,45
test026_03.jpg,400,232,tip,165,14,178,27
test026_03.jpg,400,232,tip,272,56,285,72
test026_03.jpg,400,232,tip,160,195,173,210
test026_03.jpg,400,232,tip,207,199,220,213
test026_03.jpg,400,232,tip,352,104,364,116
test026_04.jpg,294,121,tip,225,9,234,18
test026_04.jpg,294,121,tip,138,74,145,84
test026_04.jpg,294,121,tip,41,80,50,90
test026_05.jpg,249,150,tip,25,61,34,72
test026_05.jpg,249,150,tip,156,19,167,30
test026_05.jpg,249,150,tip,63,8,72,17
test026_05.jpg,249,150,tip,203,111,212,122
test026_06.jpg,344,248,tip,262,138,276,153
test026_06.jpg,344,248,tip,35,211,52,224
test026_06.jpg,344,248,tip,155,14,170,29
test026_07.jpg,376,259,tip,222,18,233,32
test026_07.jpg,376,259,tip,112,136,123,148
test026_07.jpg,376,259,tip,28,198,41,212
test026_07.jpg,376,259,tip,92,190,104,205
test026_07.jpg,376,259,tip,264,171,278,187
test026_07.jpg,376,259,tip,340,137,353,151
test032_01.jpg,190,130,tip,45,70,56,81
test032_01.jpg,190,130,tip,146,106,156,117
test032_01.jpg,190,130,tip,157,25,167,35
test032_02.jpg,215,223,tip,153,40,166,53
test032_02.jpg,215,223,tip,122,16,135,28
test032_02.jpg,215,223,tip,113,60,122,73
test032_02.jpg,215,223,tip,73,52,84,61
test032_02.jpg,215,223,tip,62,48,78,59
test032_02.jpg,215,223,tip,51,126,65,139
test032_02.jpg,215,223,tip,39,176,52,189
test032_02.jpg,215,223,tip,93,182,106,195
test032_03.jpg,231,132,tip,175,99,186,110
test032_03.jpg,231,132,tip,151,44,164,57
test032_03.jpg,231,132,tip,113,37,123,48
test032_03.jpg,231,132,tip,106,38,118,51
test032_03.jpg,231,132,tip,18,21,28,35
test032_05.jpg,172,114,tip,19,82,27,92
test032_05.jpg,172,114,tip,71,14,79,25
test032_05.jpg,172,114,tip,130,57,140,67
test032_05.jpg,172,114,tip,122,27,132,36
test032_05.jpg,172,114,tip,72,37,80,47
test032_06.jpg,125,149,tip,57,16,70,28
test032_06.jpg,125,149,tip,81,45,91,57
test032_06.jpg,125,149,tip,16,115,26,128
test032_06.jpg,125,149,tip,89,100,101,113
test037_02.jpg,172,174,tip,45,60,57,72
test037_02.jpg,172,174,tip,73,134,82,145
test037_02.jpg,172,174,tip,112,128,123,141
test037_02.jpg,172,174,tip,135,16,144,28
test037_03.jpg,153,127,tip,27,52,36,62
test037_03.jpg,153,127,tip,63,111,73,122
test037_03.jpg,153,127,tip,107,56,116,66
test037_03.jpg,153,127,tip,103,11,113,23
test037_04.jpg,116,92,tip,49,25,58,36
test037_04.jpg,116,92,tip,34,32,45,43
test037_04.jpg,116,92,tip,62,71,74,81
test037_05.jpg,156,172,tip,120,141,134,152
test037_05.jpg,156,172,tip,35,126,46,135
test037_05.jpg,156,172,tip,33,16,45,25
test037_05.jpg,156,172,tip,46,10,56,19
test037_06.jpg,104,153,tip,9,124,17,135
test037_06.jpg,104,153,tip,71,87,79,94
test037_06.jpg,104,153,tip,52,33,60,44
test037_07.jpg,126,100,tip,17,34,33,49
test037_07.jpg,126,100,tip,17,7,29,22
test037_07.jpg,126,100,tip,70,76,80,90
test037_08.jpg,130,106,tip,89,39,99,49
test037_08.jpg,130,106,tip,46,36,57,45
test037_08.jpg,130,106,tip,27,31,37,41
test037_08.jpg,130,106,tip,82,91,93,103
test047_01.jpg,158,132,tip,129,78,138,88
test047_01.jpg,158,132,tip,97,32,107,41
test047_01.jpg,158,132,tip,22,12,32,24
test047_01.jpg,158,132,tip,40,96,49,106
test047_01.jpg,158,132,tip,35,111,46,121
test047_01.jpg,158,132,tip,128,7,137,18
test047_02.jpg,89,101,tip,27,13,36,23
test047_02.jpg,89,101,tip,20,58,31,67
test047_03.jpg,157,195,tip,91,167,103,178
test047_03.jpg,157,195,tip,18,98,30,111
test047_03.jpg,157,195,tip,56,20,67,33
test047_04.jpg,97,189,tip,15,19,25,29
test047_04.jpg,97,189,tip,39,31,49,42
test047_04.jpg,97,189,tip,49,159,59,170
test047_05.jpg,104,168,tip,32,86,41,97
test047_05.jpg,104,168,tip,17,33,26,44
test047_05.jpg,104,168,tip,72,141,83,150
test047_07.jpg,142,140,tip,40,20,48,28
test047_07.jpg,142,140,tip,12,40,23,51
test047_07.jpg,142,140,tip,57,115,68,128
test047_07.jpg,142,140,tip,102,90,114,105
test047_08.jpg,129,110,tip,53,75,63,85
test047_08.jpg,129,110,tip,16,45,26,57
test047_08.jpg,129,110,tip,41,16,51,26
test047_08.jpg,129,110,tip,95,13,105,23
test048_01.jpg,186,173,tip,39,131,59,151
test048_01.jpg,186,173,tip,145,101,158,113
test048_01.jpg,186,173,tip,124,29,141,48
test048_02.jpg,140,136,tip,13,45,27,59
test048_02.jpg,140,136,tip,106,96,119,108
test048_04.jpg,443,255,tip,208,227,222,243
test048_04.jpg,443,255,tip,12,219,26,234
test048_04.jpg,443,255,tip,342,22,356,36
test048_05.jpg,166,208,tip,89,117,99,127
test048_05.jpg,166,208,tip,119,127,128,141
test048_05.jpg,166,208,tip,97,150,107,162
test048_05.jpg,166,208,tip,50,25,60,36
test048_05.jpg,166,208,tip,23,20,34,32
test048_06.jpg,286,204,tip,133,115,145,128
test048_06.jpg,286,204,tip,38,152,48,162
test048_06.jpg,286,204,tip,238,103,249,114
test048_06.jpg,286,204,tip,236,158,247,170
test048_06.jpg,286,204,tip,249,53,259,65
test048_06.jpg,286,204,tip,205,23,217,36
test048_07.jpg,120,126,tip,32,33,40,42
test048_07.jpg,120,126,tip,24,42,33,54
test048_08.jpg,155,132,tip,30,88,41,98
test048_08.jpg,155,132,tip,107,33,118,46
test048_09.jpg,157,131,tip,21,91,32,103
test048_09.jpg,157,131,tip,68,63,80,73
test048_09.jpg,157,131,tip,129,98,140,109
test048_09.jpg,157,131,tip,73,16,83,27
test048_09.jpg,157,131,tip,42,37,52,48
test051_01.jpg,238,205,tip,118,107,132,122
test051_01.jpg,238,205,tip,85,31,102,44
test051_01.jpg,238,205,tip,144,11,163,26
test051_01.jpg,238,205,tip,153,137,166,152
test051_01.jpg,238,205,tip,204,17,215,29
test051_01.jpg,238,205,tip,221,115,236,130
test051_02.jpg,409,235,tip,164,37,179,52
test051_02.jpg,409,235,tip,55,133,74,153
test051_02.jpg,409,235,tip,16,205,35,220
test051_02.jpg,409,235,tip,196,193,212,207
test051_02.jpg,409,235,tip,274,29,290,44
test051_02.jpg,409,235,tip,332,69,347,83
test051_02.jpg,409,235,tip,249,114,262,130
test051_04.jpg,293,360,tip,72,59,86,76
test051_04.jpg,293,360,tip,186,13,205,31
test051_04.jpg,293,360,tip,92,33,110,48
test051_04.jpg,293,360,tip,247,47,260,60
test051_04.jpg,293,360,tip,256,65,272,76
test051_04.jpg,293,360,tip,112,296,127,310
test051_04.jpg,293,360,tip,82,331,100,353
test051_04.jpg,293,360,tip,253,299,268,313
test051_04.jpg,293,360,tip,261,336,275,349
test051_04.jpg,293,360,tip,212,313,226,329
test051_04.jpg,293,360,tip,116,94,132,108
test051_04.jpg,293,360,tip,135,65,152,81
test051_05.jpg,351,220,tip,276,149,290,159
test051_05.jpg,351,220,tip,268,88,281,100
test051_05.jpg,351,220,tip,313,196,324,210
test051_05.jpg,351,220,tip,326,141,337,154
test051_05.jpg,351,220,tip,56,159,68,171
test051_05.jpg,351,220,tip,84,155,95,167
test051_05.jpg,351,220,tip,16,121,29,134
test051_05.jpg,351,220,tip,56,32,66,45
test051_05.jpg,351,220,tip,176,72,187,86
test056_01.jpg,214,131,tip,148,95,157,105
test056_01.jpg,214,131,tip,187,95,197,106
test056_01.jpg,214,131,tip,24,32,34,43
test056_02.jpg,134,91,tip,11,34,21,45
test056_02.jpg,134,91,tip,73,23,83,32
test056_02.jpg,134,91,tip,93,64,103,75
test056_03.jpg,158,157,tip,86,89,95,99
test056_03.jpg,158,157,tip,30,65,39,76
test056_03.jpg,158,157,tip,9,95,19,105
test056_03.jpg,158,157,tip,104,19,115,29
test056_04.jpg,97,113,tip,22,30,30,39
test056_04.jpg,97,113,tip,33,19,44,27
test056_04.jpg,97,113,tip,44,81,54,92
test056_04.jpg,97,113,tip,70,97,80,109
test056_05.jpg,94,78,tip,53,64,62,76
test056_05.jpg,94,78,tip,51,32,61,44
test056_05.jpg,94,78,tip,64,24,72,33
test056_05.jpg,94,78,tip,9,7,20,19
test056_06.jpg,128,86,tip,12,28,22,39
test056_06.jpg,128,86,tip,71,15,82,26
test056_06.jpg,128,86,tip,92,56,102,68
test056_08.jpg,78,131,tip,45,48,55,57
test056_08.jpg,78,131,tip,26,62,34,72
test056_08.jpg,78,131,tip,54,96,62,105
test056_08.jpg,78,131,tip,49,24,57,36
test056_08.jpg,78,131,tip,62,13,70,23
test056_09.jpg,269,137,tip,223,41,236,53
test056_09.jpg,269,137,tip,110,46,120,54
test056_09.jpg,269,137,tip,56,95,68,105
test056_09.jpg,269,137,tip,17,97,27,107
test056_10.jpg,124,168,tip,41,89,52,99
test056_10.jpg,124,168,tip,74,30,83,39
test056_10.jpg,124,168,tip,27,29,39,39
test056_10.jpg,124,168,tip,52,138,63,150
test065_01.jpg,194,198,tip,140,79,161,102
test065_01.jpg,194,198,tip,20,26,36,43
test065_01.jpg,194,198,tip,113,166,128,183
test065_01.jpg,194,198,tip,158,170,171,185
test065_02.jpg,360,124,tip,322,59,339,77
test065_02.jpg,360,124,tip,178,7,192,24
test065_02.jpg,360,124,tip,19,31,39,47
test065_02.jpg,360,124,tip,114,52,128,67
test065_02.jpg,360,124,tip,337,105,351,116
test065_03.jpg,161,143,tip,89,58,102,72
test065_03.jpg,161,143,tip,78,82,90,96
test065_03.jpg,161,143,tip,15,116,26,130
test065_03.jpg,161,143,tip,139,69,148,78
test065_05.jpg,281,267,tip,159,49,176,63
test065_05.jpg,281,267,tip,234,25,245,40
test065_05.jpg,281,267,tip,112,89,125,102
test065_05.jpg,281,267,tip,148,115,157,129
test065_05.jpg,281,267,tip,55,70,73,87
test065_05.jpg,281,267,tip,27,176,42,191
test065_05.jpg,281,267,tip,98,181,111,196
test065_06.jpg,234,176,tip,178,123,188,134
test065_06.jpg,234,176,tip,180,117,192,125
test065_06.jpg,234,176,tip,115,73,126,88
test065_06.jpg,234,176,tip,81,34,92,45
test065_06.jpg,234,176,tip,18,134,33,150
test065_07.jpg,277,163,tip,85,137,100,148
test065_07.jpg,277,163,tip,4,90,16,103
test065_07.jpg,277,163,tip,54,37,65,49
test065_07.jpg,277,163,tip,175,40,185,49
test065_07.jpg,277,163,tip,247,34,256,42
test065_07.jpg,277,163,tip,205,67,216,75
test065_07.jpg,277,163,tip,109,100,119,110
test065_07.jpg,277,163,tip,164,93,172,102
test065_07.jpg,277,163,tip,70,67,86,83
test065_08.jpg,155,195,tip,74,62,85,76
test065_08.jpg,155,195,tip,20,23,30,35
test065_08.jpg,155,195,tip,9,138,21,151
test065_08.jpg,155,195,tip,21,166,33,176
test065_08.jpg,155,195,tip,60,155,74,166
test065_08.jpg,155,195,tip,91,137,106,150
test065_08.jpg,155,195,tip,113,167,126,182
test088_01.jpg,153,193,tip,75,146,90,158
test088_01.jpg,153,193,tip,40,5,61,32
test088_02.jpg,128,209,tip,22,14,37,29
test088_02.jpg,128,209,tip,53,64,73,87
test088_02.jpg,128,209,tip,76,111,97,137
test088_02.jpg,128,209,tip,80,168,99,189
test088_04.jpg,91,248,tip,19,13,38,36
test088_04.jpg,91,248,tip,63,85,84,102
test088_04.jpg,91,248,tip,30,207,50,233
test088_05.jpg,274,142,tip,58,83,72,101
test088_05.jpg,274,142,tip,235,69,255,94
test088_05.jpg,274,142,tip,21,10,39,27
test096_01.jpg,99,94,tip,14,25,28,36
test096_01.jpg,99,94,tip,19,53,30,65
test096_01.jpg,99,94,tip,38,72,52,83
test096_01.jpg,99,94,tip,65,10,77,19
test096_02.jpg,158,88,tip,65,14,77,24
test096_02.jpg,158,88,tip,56,32,68,43
test096_02.jpg,158,88,tip,17,61,30,73
test096_02.jpg,158,88,tip,88,49,102,62
test096_02.jpg,158,88,tip,139,63,152,75
test096_04.jpg,124,101,tip,21,14,31,24
test096_04.jpg,124,101,tip,12,19,22,28
test096_04.jpg,124,101,tip,36,17,46,26
test096_04.jpg,124,101,tip,83,73,97,83
test096_04.jpg,124,101,tip,110,55,120,64
test096_05.jpg,79,65,tip,50,22,59,30
test096_05.jpg,79,65,tip,14,21,23,32
test096_06.jpg,54,66,tip,23,17,31,26
test096_06.jpg,54,66,tip,33,17,43,27
test096_06.jpg,54,66,tip,9,50,18,61
test096_07.jpg,64,66,tip,29,33,38,41
test096_07.jpg,64,66,tip,14,28,25,39
test096_07.jpg,64,66,tip,18,47,26,55
test132_01.jpg,97,82,tip,11,38,20,48
test132_01.jpg,97,82,tip,80,23,90,32
test132_02.jpg,89,89,tip,49,46,62,59
test132_02.jpg,89,89,tip,66,13,76,25
test132_02.jpg,89,89,tip,16,10,29,23
test132_02.jpg,89,89,tip,8,69,19,77
test132_03.jpg,139,110,tip,20,47,30,57
test132_03.jpg,139,110,tip,21,23,31,33
test132_03.jpg,139,110,tip,47,9,56,19
test132_03.jpg,139,110,tip,106,98,115,109
test132_03.jpg,139,110,tip,93,85,101,92
test132_03.jpg,139,110,tip,118,11,128,21
test132_03.jpg,139,110,tip,88,76,98,84
test132_04.jpg,128,71,tip,105,37,116,48
test132_04.jpg,128,71,tip,13,9,24,20
test132_05.jpg,84,79,tip,11,25,21,35
test132_05.jpg,84,79,tip,37,25,45,37
test132_05.jpg,84,79,tip,57,55,66,63
test132_06.jpg,96,130,tip,24,99,33,111
test132_06.jpg,96,130,tip,17,57,27,68
test132_06.jpg,96,130,tip,35,14,44,24
